Workbook

Sheet Sheep
A1: id | B1: BATT tag | C1: gen | D1: gen | E1: other tag | F1: purchase date | G1: purchase price | H1: sale date | I1: sale $ | J1: born | L1: sire | M1: dam | N1: dam tag | O1: lambs | P1: lambs this year | Q1: lamb age (days) | R1: cull | S1: Desc | T1: Prohibit Ewes 7/30/2025 | U1: market lamb Valbazen+CD&T 7/1/2025 | V1: gary janes 5/10/2025 | W1: prohibit 4/22/2025 | X1: cd&t 4/22/2025 | Y1: 2025/3/16 prohibit ewes (not lambed yet) | Z1: 2024/9/3 wormer | AA1: 2024/4/23 vax | AB1: event 1 | AC1: event 2 | AE1: 44511 | AF1: 44519 | AG1: 11/19 weight | AH1: 11/19 sale | AJ1: vaccine 12/26/2021
A2: 1 | B2: 257 | C2: original flock | D2: 1601 | E2: 257 | F2: 42694 | G2: 250 | H2: 44108 | J2: 42370 | K2: f | N2: =xlookup(M2,A:A,B:B) -> #N/A | O2: =countif(M:M,A2) -> 7 | Q2: =today()-xlookup(A2,M:M,J:J,"",0,-1) -> 2150 | R2: =if("m"=K2,"X",if(or(countif(Cull!A:A,B:B)>0,"X"= XLOOKUP(M:M,A:A,R:R)),"X","")) -> #REF! | S2: cinnimon | AB2: 2 healthy lambs | AC2: 2 brown white head spot (7&8) & 1 still born | AD2: found dead in field (acidiosis? Ate a bunch of corn.)
A3: 2 | B3: 258 | C3: original flock | D3: 1602 | E3: 258 | F3: 42694 | G3: 250 | H3: 44520 | I3: 187 | J3: 42370 | K3: f | N3: =xlookup(M3,A:A,B:B) -> #N/A | O3: =countif(M:M,A3) -> 7 | Q3: =today()-xlookup(A3,M:M,J:J,"",0,-1) -> 1867 | R3: =if("m"=K3,"X",if(or(countif(Cull!A:A,B:B)>0,"X"= XLOOKUP(M:M,A:A,R:R)),"X","")) -> #REF! | S3: cinnimon | AB3: 2 healthy lambs | AH3: Janes
A4: 3 | B4: 255 | C4: original flock | D4: 1539 | E4: white | F4: 42694 | G4: 250 | H4: 45450 | J4: 42370 | K4: f | N4: =xlookup(M4,A:A,B:B) -> #N/A | O4: =countif(M:M,A4) -> 11 | Q4: =today()-xlookup(A4,M:M,J:J,"",0,-1) -> 692 | R4: =if("m"=K4,"X",if(or(countif(Cull!A:A,B:B)>0,"X"= XLOOKUP(M:M,A:A,R:R)),"X","")) -> #REF! | S4: White | AA4: v | AB4: Single dead Lamb. induced by goat butt? | AC4: (2 white females, 9&10) | AD4: 4/17/2020 got the squirts | AJ4: x
A5: 4 | B5: 000002 | C5: 1 | D5: 000002 | H5: 45826 | J5: 42797 | K5: f | M5: 1 | N5: =xlookup(M5,A:A,B:B) -> 257 | O5: =countif(M:M,A5) -> 8 | P5: =COUNTIFS(N:N,B5,J:J,">1/1/2025") -> 1 | Q5: =today()-xlookup(A5,M:M,J:J,"",0,-1) -> 261 | R5: =if(if("m"=K5,true,countif(Cull!A:A,B:B)>0),"X","") -> #REF! | S5: brown | Z5: x | AA5: c | AE5: weights? | AJ5: x
A6: 5 | B6: 000005 | C6: 1 | D6: 000005 | H6: 43092 | I6: 125 | J6: 42797 | K6: m | M6: 2 | N6: =xlookup(M6,A:A,B:B) -> 258 | O6: =countif(M:M,A6) -> 0 | P6: =COUNTIFS(N:N,B6,J:J,">1/1/2025") -> 0 | Q6: =today()-xlookup(A6,M:M,J:J,"",0,-1) -> 46012 | R6: =if(if("m"=K6,true,countif(Cull!A:A,B:B)>0),"X","") -> X | S6: speckled
A7: 6 | C7: 1 | F7: 43040 | G7: 200 | H7: 43561 | I7: 104 | J7: 42795 | K7: m | N7: =xlookup(M7,A:A,B:B) -> #N/A | O7: =countif(M:M,A7) -> 0 | P7: =COUNTIFS(N:N,B7,J:J,">1/1/2025") -> 0 | R7: =if("m"=K7,"X",if(or(countif(Cull!A:A,B:B)>0,"X"= XLOOKUP(M:M,A:A,R:R)),"X","")) -> X | S7: brown
A8: 7 | C8: 2 | D8: 1 | H8: 43561 | I8: 155 | J8: 43190 | K8: m | L8: 6 | M8: 1 | N8: =xlookup(M8,A:A,B:B) -> 257 | O8: =countif(M:M,A8) -> 0 | P8: =COUNTIFS(N:N,B8,J:J,">1/1/2025") -> 0 | R8: =if("m"=K8,"X",if(or(countif(Cull!A:A,B:B)>0,"X"= XLOOKUP(M:M,A:A,R:R)),"X","")) -> X | S8: brown white spot on head
A9: 8 | C9: 2 | H9: 43274 | J9: 43190 | K9: m | L9: 6 | M9: 1 | N9: =xlookup(M9,A:A,B:B) -> 257 | O9: =countif(M:M,A9) -> 0 | P9: =COUNTIFS(N:N,B9,J:J,">1/1/2025") -> 0 | R9: =if("m"=K9,"X",if(or(countif(Cull!A:A,B:B)>0,"X"= XLOOKUP(M:M,A:A,R:R)),"X","")) -> X | S9: brown white spot on head | AB9: coyote
A10: 9 | B10: 000017 | C10: 2 | D10: 17 | J10: 43198 | K10: f | L10: 6 | M10: 3 | N10: =xlookup(M10,A:A,B:B) -> 255 | O10: =countif(M:M,A10) -> 8 | P10: =COUNTIFS(N:N,B10,J:J,">1/1/2025") -> 2 | Q10: =today()-xlookup(A10,M:M,J:J,"",0,-1) -> 338 | R10: =if(if("m"=K10,true,countif(Cull!A:A,B:B)>0),"X","") -> #REF! | S10: white speckles nose | T10: x | W10: x | Z10: x | AJ10: x
A11: 10 | B11: 1006 | C11: 2 | J11: 43198 | K11: f | L11: 6 | M11: 3 | N11: =xlookup(M11,A:A,B:B) -> 255 | O11: =countif(M:M,A11) -> 8 | P11: =COUNTIFS(N:N,B11,J:J,">1/1/2025") -> 0 | Q11: =today()-xlookup(A11,M:M,J:J,"",0,-1) -> 702 | R11: =if(if("m"=K11,true,countif(Cull!A:A,B:B)>0),"X","") -> #REF! | S11: white speckles, 3/31/2025 swollen jaw; head caught in fence? | W11: x | Z11: x | AA11: c | AB11: 1058? | AC11: retag 1192? | AJ11: x
A12: 11 | C12: 2 | H12: 43210 | J12: 43201 | K12: m | L12: 6 | M12: 4 | N12: =xlookup(M12,A:A,B:B) -> 000002 | O12: =countif(M:M,A12) -> 0 | P12: =COUNTIFS(N:N,B12,J:J,">1/1/2025") -> 0 | R12: {=if("m"=K12,"X",if(or(countif(Cull!A:A,B:B)>0,"X"= XLOOKUP(M:M,A:A,R:R)),"X",""))} -> X | S12: brown white spot on head | AB12: coyote
A13: 12 | B13: 000018 | C13: 2 | D13: 18 | H13: 45826 | J13: 43201 | K13: f | L13: 6 | M13: 4 | N13: =xlookup(M13,A:A,B:B) -> 000002 | O13: =countif(M:M,A13) -> 6 | P13: =COUNTIFS(N:N,B13,J:J,">1/1/2025") -> 1 | Q13: {=today()-xlookup(A13,M:M,J:J,"",0,-1)} -> 314 | R13: =if(if("m"=K13,true,countif(Cull!A:A,B:B)>0),"X","") -> #REF! | S13: all brown, good mom, but singles | W13: x | Z13: x | AA13: v | AJ13: x
A14: 13 | C14: 2 | H14: 43222 | J14: 43213 | K14: m | L14: 6 | M14: 2 | N14: =xlookup(M14,A:A,B:B) -> 258 | O14: =countif(M:M,A14) -> 1 | P14: =COUNTIFS(N:N,B14,J:J,">1/1/2025") -> 0 | R14: =if("m"=K14,"X",if(or(countif(Cull!A:A,B:B)>0,"X"= XLOOKUP(M:M,A:A,R:R)),"X","")) -> X | S14: all brown | AB14: coyote
A15: 14 | C15: 2 | H15: 43222 | J15: 43213 | K15: m | L15: 6 | M15: 2 | N15: =xlookup(M15,A:A,B:B) -> 258 | O15: =countif(M:M,A15) -> 0 | P15: =COUNTIFS(N:N,B15,J:J,">1/1/2025") -> 0 | R15: =if("m"=K15,"X",if(or(countif(Cull!A:A,B:B)>0,"X"= XLOOKUP(M:M,A:A,R:R)),"X","")) -> X | S15: all brown | AB15: coyote
A16: 15 | B16: 000015 | C16: 3 | D16: 15 | H16: 45801 | J16: 43530 | K16: f | L16: 6 | M16: 3 | N16: =xlookup(M16,A:A,B:B) -> 255 | O16: =countif(M:M,A16) -> 7 | P16: =COUNTIFS(N:N,B16,J:J,">1/1/2025") -> 3 | Q16: {=today()-xlookup(A16,M:M,J:J,"",0,-1)} -> 320 | R16: =if(if("m"=K16,true,countif(Cull!A:A,B:B)>0),"X","") -> #REF! | S16: brown collar | W16: x | Z16: x | AA16: v | AJ16: x
A17: 16 | C17: 3 | D17: 16 | H17: 43770 | I17: 100 | J17: 43530 | K17: m | L17: 6 | M17: 3 | N17: =xlookup(M17,A:A,B:B) -> 255 | O17: =countif(M:M,A17) -> 0 | P17: =COUNTIFS(N:N,B17,J:J,">1/1/2025") -> 0 | R17: =if("m"=K17,"X",if(or(countif(Cull!A:A,B:B)>0,"X"= XLOOKUP(M:M,A:A,R:R)),"X","")) -> X | S17: white | AB17: Sold as a teaser to Joe Baldwin
A18: 17 | C18: 3 | D18: 12 | H18: 43670 | J18: 43530 | K18: m | L18: 6 | M18: 2 | N18: =xlookup(M18,A:A,B:B) -> 258 | O18: =countif(M:M,A18) -> 0 | P18: =COUNTIFS(N:N,B18,J:J,">1/1/2025") -> 0 | R18: =if("m"=K18,"X",if(or(countif(Cull!A:A,B:B)>0,"X"= XLOOKUP(M:M,A:A,R:R)),"X","")) -> X | S18: brown white head mark | AB18: overeating?
A19: 18 | C19: 3 | D19: 11 | J19: 43535 | K19: f | L19: 6 | M19: 9 | N19: =xlookup(M19,A:A,B:B) -> 000017 | O19: =countif(M:M,A19) -> 0 | P19: =COUNTIFS(N:N,B19,J:J,">1/1/2025") -> 0 | R19: =if("m"=K19,"X",if(or(countif(Cull!A:A,B:B)>0,"X"= XLOOKUP(M:M,A:A,R:R)),"X","")) -> #REF! | S19: brown | AA19: c | AB19: 1183?
A20: 19 | B20: 000008 | C20: 3 | D20: 8 | J20: 43535 | K20: f | L20: 6 | M20: 10 | N20: =xlookup(M20,A:A,B:B) -> 1006 | O20: =countif(M:M,A20) -> 9 | P20: =COUNTIFS(N:N,B20,J:J,">1/1/2025") -> 2 | Q20: {=today()-xlookup(A20,M:M,J:J,"",0,-1)} -> 319 | R20: =if(if("m"=K20,true,countif(Cull!A:A,B:B)>0),"X","") -> #REF! | S20: brown | T20: x | W20: x | Z20: x | AA20: v | AE20: 104 | AF20: f | AI20: =IF(K20=AF20,"","X") | AJ20: x
A21: 20 | D21: BAG2919 | E21: 2919 | F21: 43531 | G21: 275 | H21: 44521 | I21: trade | J21: 2016 | K21: m | N21: =xlookup(M21,A:A,B:B) -> #N/A | O21: =countif(M:M,A21) -> 0 | P21: =COUNTIFS(N:N,B21,J:J,">1/1/2025") -> 0 | R21: {=if("m"=K21,"X",if(or(countif(Cull!A:A,B:B)>0,"X"= XLOOKUP(M:M,A:A,R:R)),"X",""))} -> X
A22: 21 | B22: 000013 | C22: 3 | D22: 13 | H22: 45801 | J22: 43547 | K22: f | L22: 6 | M22: 1 | N22: =xlookup(M22,A:A,B:B) -> 257 | O22: =countif(M:M,A22) -> 4 | P22: =COUNTIFS(N:N,B22,J:J,">1/1/2025") -> 1 | Q22: =today()-xlookup(A22,M:M,J:J,"",0,-1) -> 320 | R22: =if(if("m"=K22,true,countif(Cull!A:A,B:B)>0),"X","") -> #REF! | W22: x | Z22: x | AA22: v | AE22: 118 | AF22: f | AI22: =IF(K22=AF22,"","X") | AJ22: x
A23: 22 | B23: 000010 | C23: 3 | D23: 10 | H23: 45801 | J23: 43547 | K23: f | L23: 6 | M23: 1 | N23: =xlookup(M23,A:A,B:B) -> 257 | O23: =countif(M:M,A23) -> 6 | P23: =COUNTIFS(N:N,B23,J:J,">1/1/2025") -> 1 | Q23: =today()-xlookup(A23,M:M,J:J,"",0,-1) -> 317 | R23: =if(if("m"=K23,true,countif(Cull!A:A,B:B)>0),"X","") -> #REF! | W23: x | Z23: x | AA23: v | AE23: 118 | AF23: f | AI23: =IF(K23=AF23,"","X") | AJ23: x
A24: 23 | B24: 000014 | C24: 3 | D24: 14 | H24: 45801 | J24: 43547 | K24: f | L24: 6 | M24: 1 | N24: =xlookup(M24,A:A,B:B) -> 257 | O24: =countif(M:M,A24) -> 9 | P24: =COUNTIFS(N:N,B24,J:J,">1/1/2025") -> 1 | Q24: =today()-xlookup(A24,M:M,J:J,"",0,-1) -> 339 | R24: =if(if("m"=K24,true,countif(Cull!A:A,B:B)>0),"X","") -> #REF! | W24: x | Z24: x | AA24: v | AJ24: x
A25: 24 | B25: 1013 | D25: 19? | H25: 43893 | J25: 43605 | K25: f | L25: 6 | M25: 12 | N25: =xlookup(M25,A:A,B:B) -> 000018 | O25: =countif(M:M,A25) -> 0 | P25: =COUNTIFS(N:N,B25,J:J,">1/1/2025") -> 0 | Q25: =today()-xlookup(A25,M:M,J:J,"",0,-1) -> 46012 | R25: =if("m"=K25,"X",if(or(countif(Cull!A:A,B:B)>0,"X"= XLOOKUP(M:M,A:A,R:R)),"X","")) -> #REF! | S25: dark brown | AB25: May be mixed up with 30 | AC25: never thrived
A26: 25 | B26: 26 | C26: Jester-5 | E26: 26 | F26: 43617 | G26: 200 | H26: 44520 | I26: 187 | J26: 43603 | K26: f | N26: =xlookup(M26,A:A,B:B) -> #N/A | O26: =countif(M:M,A26) -> 5 | P26: =COUNTIFS(N:N,B26,J:J,">1/1/2025") -> 0 | Q26: =today()-xlookup(A26,M:M,J:J,"",0,-1) -> 1497 | R26: =if("m"=K26,"X",if(or(countif(Cull!A:A,B:B)>0,"X"= XLOOKUP(M:M,A:A,R:R)),"X","")) -> #REF! | S26: mastitis | AH26: Janes
A27: 26 | B27: 27 | C27: Jester-5 | D27: 1268 | E27: 27 | F27: 43617 | G27: 200 | H27: 45450 | J27: 43603 | K27: f | N27: =xlookup(M27,A:A,B:B) -> #N/A | O27: =countif(M:M,A27) -> 6 | P27: =COUNTIFS(N:N,B27,J:J,">1/1/2025") -> 0 | Q27: =today()-xlookup(A27,M:M,J:J,"",0,-1) -> 1519 | R27: =if("m"=K27,"X",if(or(countif(Cull!A:A,B:B)>0,"X"= XLOOKUP(M:M,A:A,R:R)),"X","")) -> #REF! | S27: missing tag | AE27: 162 | AJ27: x
A28: 27 | B28: 52 | C28: Jester-5 | E28: 52 | F28: 43617 | G28: 200 | H28: 44568 | J28: 43603 | K28: f | N28: =xlookup(M28,A:A,B:B) -> #N/A | O28: =countif(M:M,A28) -> 6 | P28: =COUNTIFS(N:N,B28,J:J,">1/1/2025") -> 0 | Q28: =today()-xlookup(A28,M:M,J:J,"",0,-1) -> 1520 | R28: =if("m"=K28,"X",if(or(countif(Cull!A:A,B:B)>0,"X"= XLOOKUP(M:M,A:A,R:R)),"X","")) -> #REF! | S28: Dorper | AJ28: x
A29: 28 | B29: 32 | C29: Jester-5 | D29: 1182 | E29: 32 | F29: 43617 | G29: 200 | H29: 45450 | J29: 43603 | K29: f | N29: =xlookup(M29,A:A,B:B) -> #N/A | O29: =countif(M:M,A29) -> 13 | P29: =COUNTIFS(N:N,B29,J:J,">1/1/2025") -> 0 | Q29: =today()-xlookup(A29,M:M,J:J,"",0,-1) -> 708 | R29: =if("m"=K29,"X",if(or(countif(Cull!A:A,B:B)>0,"X"= XLOOKUP(M:M,A:A,R:R)),"X","")) -> #REF! | S29: low milk? Not motherly. | AA29: c | AJ29: x
A30: 29 | B30: 30 | C30: Jester-5 | D30: 1267 | E30: 30 | F30: 43617 | G30: 200 | H30: 45450 | J30: 43603 | K30: f | N30: =xlookup(M30,A:A,B:B) -> #N/A | O30: =countif(M:M,A30) -> 8 | P30: =COUNTIFS(N:N,B30,J:J,">1/1/2025") -> 0 | Q30: =today()-xlookup(A30,M:M,J:J,"",0,-1) -> 708 | R30: =if("m"=K30,"X",if(or(countif(Cull!A:A,B:B)>0,"X"= XLOOKUP(M:M,A:A,R:R)),"X","")) -> #REF! | S30: 12/2020 sore foot | AA30: v | AJ30: x
A31: 30 | B31: 1019 | D31: 19? | F31: 43669 | H31: 44100 | I31: =1984/15 -> 132.26667 | J31: 43669 | K31: f | L31: 6 | M31: 4 | N31: =xlookup(M31,A:A,B:B) -> 000002 | O31: =countif(M:M,A31) -> 0 | P31: =COUNTIFS(N:N,B31,J:J,">1/1/2025") -> 0 | Q31: =today()-xlookup(A31,M:M,J:J,"",0,-1) -> 46012 | R31: =if("m"=K31,"X",if(or(countif(Cull!A:A,B:B)>0,"X"= XLOOKUP(M:M,A:A,R:R)),"X","")) -> #REF! | AB31: May be mixed up with 24
A32: 31 | B32: 1001 | C32: 4 | H32: 43892 | J32: 43830 | K32: m | L32: 20 | M32: 25 | N32: =xlookup(M32,A:A,B:B) -> 26 | O32: =countif(M:M,A32) -> 0 | P32: =COUNTIFS(N:N,B32,J:J,">1/1/2025") -> 0 | Q32: =today()-xlookup(A32,M:M,J:J,"",0,-1) -> 46012 | R32: =if(if("m"=K32,true,countif(Cull!A:A,B:B)>0),"X","") -> X | S32: solid white | AB32: "stupid"
A33: 32 | B33: 1005 | C33: 4 | D33: Carson | E33: 68024 | H33: 44100 | I33: =1984/15 -> 132.26667 | J33: 43831 | K33: m | L33: 20 | M33: 28 | N33: =xlookup(M33,A:A,B:B) -> 32 | O33: =countif(M:M,A33) -> 0 | P33: =COUNTIFS(N:N,B33,J:J,">1/1/2025") -> 0 | Q33: =today()-xlookup(A33,M:M,J:J,"",0,-1) -> 46012 | R33: {=if("m"=K33,"X",if(or(countif(Cull!A:A,B:B)>0,"X"= XLOOKUP(M:M,A:A,R:R)),"X",""))} -> X | S33: tan collar
A34: 33 | B34: 1118 | C34: 4 | D34: bella | E34: 68015 | J34: 43831 | K34: f | L34: 20 | M34: 28 | N34: =xlookup(M34,A:A,B:B) -> 32 | O34: =countif(M:M,A34) -> 7 | P34: =COUNTIFS(N:N,B34,J:J,">1/1/2025") -> 2 | Q34: =today()-xlookup(A34,M:M,J:J,"",0,-1) -> 318 | R34: =if(if("m"=K34,true,countif(Cull!A:A,B:B)>0),"X","") -> #REF! | S34: solid white | T34: x | W34: x | Z34: x | AA34: v | AE34: 92 | AF34: f | AG34: was 1004 | AI34: =IF(K34=AF34,"","X") | AJ34: x
A35: 34 | B35: 1376 | C35: 4 | D35: bella | E35: 68005 | J35: 43835 | K35: f | L35: 20 | M35: 26 | N35: =xlookup(M35,A:A,B:B) -> 27 | O35: =countif(M:M,A35) -> 4 | P35: =COUNTIFS(N:N,B35,J:J,">1/1/2025") -> 0 | Q35: =today()-xlookup(A35,M:M,J:J,"",0,-1) -> 46012 | R35: =if(if("m"=K35,true,countif(Cull!A:A,B:B)>0),"X","") -> #REF! | S35: blotchy white, was 1121 | T35: new tag 1376? | AE35: 90 | AF35: f | AG35: was 1060 | AI35: =IF(K35=AF35,"","X") | AJ35: x
A36: 35 | B36: 1009 | C36: 4 | H36: 44100 | I36: =1984/15 -> 132.26667 | J36: 43835 | K36: m | L36: 20 | M36: 26 | N36: =xlookup(M36,A:A,B:B) -> 27 | O36: =countif(M:M,A36) -> 0 | P36: =COUNTIFS(N:N,B36,J:J,">1/1/2025") -> 0 | Q36: =today()-xlookup(A36,M:M,J:J,"",0,-1) -> 46012 | R36: =if("m"=K36,"X",if(or(countif(Cull!A:A,B:B)>0,"X"= XLOOKUP(M:M,A:A,R:R)),"X","")) -> X | S36: cinnamon
A37: 36 | B37: 1002 | C37: 4 | H37: 44100 | I37: =1984/15 -> 132.26667 | J37: 43849 | K37: m | L37: 20 | M37: 29 | N37: =xlookup(M37,A:A,B:B) -> 30 | O37: =countif(M:M,A37) -> 0 | P37: =COUNTIFS(N:N,B37,J:J,">1/1/2025") -> 0 | Q37: =today()-xlookup(A37,M:M,J:J,"",0,-1) -> 46012 | R37: =if("m"=K37,"X",if(or(countif(Cull!A:A,B:B)>0,"X"= XLOOKUP(M:M,A:A,R:R)),"X","")) -> X
A38: 37 | B38: 1003 | C38: 4 | H38: 44100 | I38: =1984/15 -> 132.26667 | J38: 43849 | K38: m | L38: 20 | M38: 29 | N38: =xlookup(M38,A:A,B:B) -> 30 | O38: =countif(M:M,A38) -> 0 | P38: =COUNTIFS(N:N,B38,J:J,">1/1/2025") -> 0 | Q38: =today()-xlookup(A38,M:M,J:J,"",0,-1) -> 46012 | R38: =if("m"=K38,"X",if(or(countif(Cull!A:A,B:B)>0,"X"= XLOOKUP(M:M,A:A,R:R)),"X","")) -> X
A39: 38 | B39: 1011 | C39: 4 | H39: 44100 | I39: =1984/15 -> 132.26667 | J39: 43851 | K39: m | L39: 20 | M39: 10 | N39: =xlookup(M39,A:A,B:B) -> 1006 | O39: =countif(M:M,A39) -> 0 | P39: =COUNTIFS(N:N,B39,J:J,">1/1/2025") -> 0 | Q39: =today()-xlookup(A39,M:M,J:J,"",0,-1) -> 46012 | R39: =if("m"=K39,"X",if(or(countif(Cull!A:A,B:B)>0,"X"= XLOOKUP(M:M,A:A,R:R)),"X","")) -> X
A40: 39 | B40: 1049 | C40: 4 | J40: 43851 | K40: f | L40: 20 | M40: 9 | N40: =xlookup(M40,A:A,B:B) -> 000017 | O40: =countif(M:M,A40) -> 1 | P40: =COUNTIFS(N:N,B40,J:J,">1/1/2025") -> 0 | Q40: =today()-xlookup(A40,M:M,J:J,"",0,-1) -> 1730 | R40: =if(if("m"=K40,true,countif(Cull!A:A,B:B)>0),"X","") -> #REF! | AE40: 118 | AF40: f | AI40: =IF(K40=AF40,"","X") | AJ40: x
A41: 40 | B41: 1007 | C41: 4 | H41: 44100 | I41: =1984/15 -> 132.26667 | J41: 43852 | K41: m | L41: 20 | M41: 3 | N41: =xlookup(M41,A:A,B:B) -> 255 | O41: =countif(M:M,A41) -> 0 | P41: =COUNTIFS(N:N,B41,J:J,">1/1/2025") -> 0 | Q41: =today()-xlookup(A41,M:M,J:J,"",0,-1) -> 46012 | R41: =if("m"=K41,"X",if(or(countif(Cull!A:A,B:B)>0,"X"= XLOOKUP(M:M,A:A,R:R)),"X","")) -> X
A42: 41 | B42: 1008 | C42: 4 | E42: 68034 | H42: 44100 | I42: =1984/15 -> 132.26667 | J42: 43852 | K42: m | L42: 20 | M42: 3 | N42: =xlookup(M42,A:A,B:B) -> 255 | O42: =countif(M:M,A42) -> 0 | P42: =COUNTIFS(N:N,B42,J:J,">1/1/2025") -> 0 | Q42: =today()-xlookup(A42,M:M,J:J,"",0,-1) -> 46012 | R42: =if("m"=K42,"X",if(or(countif(Cull!A:A,B:B)>0,"X"= XLOOKUP(M:M,A:A,R:R)),"X","")) -> X
A43: 42 | B43: 1012 | C43: 4 | H43: 44100 | I43: =1984/15 -> 132.26667 | J43: 43853 | K43: m | L43: 20 | M43: 2 | N43: =xlookup(M43,A:A,B:B) -> 258 | O43: =countif(M:M,A43) -> 0 | P43: =COUNTIFS(N:N,B43,J:J,">1/1/2025") -> 0 | Q43: =today()-xlookup(A43,M:M,J:J,"",0,-1) -> 46012 | R43: =if("m"=K43,"X",if(or(countif(Cull!A:A,B:B)>0,"X"= XLOOKUP(M:M,A:A,R:R)),"X","")) -> X
A44: 43 | B44: 1015 | C44: 4 | J44: 43862 | K44: f | L44: 20 | M44: 12 | N44: =xlookup(M44,A:A,B:B) -> 000018 | O44: =countif(M:M,A44) -> 3 | P44: =COUNTIFS(N:N,B44,J:J,">1/1/2025") -> 0 | Q44: =today()-xlookup(A44,M:M,J:J,"",0,-1) -> 46012 | R44: =if(if("m"=K44,true,countif(Cull!A:A,B:B)>0),"X","") -> #REF! | AE44: 112 | AF44: f | AI44: =IF(K44=AF44,"","X") | AJ44: x
A45: 44 | B45: 1016 | C45: 4 | H45: 44100 | I45: =1984/15 -> 132.26667 | J45: 43862 | K45: m | L45: 20 | M45: 27 | N45: =xlookup(M45,A:A,B:B) -> 52 | O45: =countif(M:M,A45) -> 0 | P45: =COUNTIFS(N:N,B45,J:J,">1/1/2025") -> 0 | Q45: =today()-xlookup(A45,M:M,J:J,"",0,-1) -> 46012 | R45: {=if("m"=K45,"X",if(or(countif(Cull!A:A,B:B)>0,"X"= XLOOKUP(M:M,A:A,R:R)),"X",""))} -> X
A46: 45 | B46: 1017 | C46: 4 | J46: 43862 | K46: f | L46: 20 | M46: 1 | N46: =xlookup(M46,A:A,B:B) -> 257 | O46: =countif(M:M,A46) -> 2 | P46: =COUNTIFS(N:N,B46,J:J,">1/1/2025") -> 0 | Q46: =today()-xlookup(A46,M:M,J:J,"",0,-1) -> 1720 | R46: =if(if("m"=K46,true,countif(Cull!A:A,B:B)>0),"X","") -> #REF! | AE46: 110 | AF46: f | AI46: =IF(K46=AF46,"","X") | AJ46: x
A47: 46 | B47: 1018 | C47: 4 | H47: 44100 | I47: =1984/15 -> 132.26667 | J47: 43862 | K47: m | L47: 20 | M47: 27 | N47: =xlookup(M47,A:A,B:B) -> 52 | O47: =countif(M:M,A47) -> 0 | P47: =COUNTIFS(N:N,B47,J:J,">1/1/2025") -> 0 | Q47: =today()-xlookup(A47,M:M,J:J,"",0,-1) -> 46012 | R47: =if("m"=K47,"X",if(or(countif(Cull!A:A,B:B)>0,"X"= XLOOKUP(M:M,A:A,R:R)),"X","")) -> X
A48: 47 | B48: 1021 | C48: 4 | H48: 44100 | I48: =1984/15 -> 132.26667 | J48: 43892 | K48: m | L48: 20 | M48: 15 | N48: =xlookup(M48,A:A,B:B) -> 000015 | O48: =countif(M:M,A48) -> 0 | P48: =COUNTIFS(N:N,B48,J:J,">1/1/2025") -> 0 | Q48: =today()-xlookup(A48,M:M,J:J,"",0,-1) -> 46012 | R48: =if("m"=K48,"X",if(or(countif(Cull!A:A,B:B)>0,"X"= XLOOKUP(M:M,A:A,R:R)),"X","")) -> X
A49: 48 | B49: 1022 | H49: 44100 | I49: =1984/15 -> 132.26667 | J49: 43927 | K49: f | L49: 20 | M49: 19 | N49: =xlookup(M49,A:A,B:B) -> 000008 | O49: =countif(M:M,A49) -> 0 | P49: =COUNTIFS(N:N,B49,J:J,">1/1/2025") -> 0 | Q49: =today()-xlookup(A49,M:M,J:J,"",0,-1) -> 46012 | R49: =if("m"=K49,"X",if(or(countif(Cull!A:A,B:B)>0,"X"= XLOOKUP(M:M,A:A,R:R)),"X","")) -> #REF!
A50: 49 | B50: 1023 | H50: 44100 | I50: =1984/15 -> 132.26667 | J50: 43934 | K50: f | L50: 20 | M50: 22 | N50: =xlookup(M50,A:A,B:B) -> 000010 | O50: =countif(M:M,A50) -> 0 | P50: =COUNTIFS(N:N,B50,J:J,">1/1/2025") -> 0 | Q50: =today()-xlookup(A50,M:M,J:J,"",0,-1) -> 46012 | R50: =if("m"=K50,"X",if(or(countif(Cull!A:A,B:B)>0,"X"= XLOOKUP(M:M,A:A,R:R)),"X","")) -> #REF!
A51: 50 | B51: 1020 | H51: 44100 | I51: =1984/15 -> 132.26667 | J51: 43936 | K51: f | L51: 20 | M51: ? | N51: =xlookup(M51,A:A,B:B) -> #N/A | O51: =countif(M:M,A51) -> 0 | P51: =COUNTIFS(N:N,B51,J:J,">1/1/2025") -> 0 | Q51: =today()-xlookup(A51,M:M,J:J,"",0,-1) -> 46012 | R51: =if("m"=K51,"X",if(or(countif(Cull!A:A,B:B)>0,"X"= XLOOKUP(M:M,A:A,R:R)),"X","")) -> #REF!
A52: 51 | B52: 1035 | H52: 44501 | J52: 44144 | K52: m | L52: 20 | M52: 26 | N52: =xlookup(M52,A:A,B:B) -> 27 | O52: =countif(M:M,A52) -> 0 | P52: =COUNTIFS(N:N,B52,J:J,">1/1/2025") -> 0 | Q52: =today()-xlookup(A52,M:M,J:J,"",0,-1) -> 46012 | R52: =if(if("m"=K52,true,countif(Cull!A:A,B:B)>0),"X","") -> X | AF52: Winners | AI52: =IF(K52=AF52,"","X") -> X
A53: 52 | B53: 1029 | H53: 44520 | I53: 161 | J53: 44144 | K53: m | L53: 20 | M53: 26 | N53: =xlookup(M53,A:A,B:B) -> 27 | O53: =countif(M:M,A53) -> 0 | P53: =COUNTIFS(N:N,B53,J:J,">1/1/2025") -> 0 | Q53: =today()-xlookup(A53,M:M,J:J,"",0,-1) -> 46012 | R53: =if("m"=K53,"X",if(or(countif(Cull!A:A,B:B)>0,"X"= XLOOKUP(M:M,A:A,R:R)),"X","")) -> X | AE53: 80 | AF53: m | AG53: 80 | AH53: Janes | AI53: =IF(K53=AF53,"","X")
A54: 53 | B54: 1024 | H54: 44556 | J54: 44145 | K54: f | L54: 20 | M54: 2 | N54: =xlookup(M54,A:A,B:B) -> 258 | O54: =countif(M:M,A54) -> 0 | P54: =COUNTIFS(N:N,B54,J:J,">1/1/2025") -> 0 | Q54: =today()-xlookup(A54,M:M,J:J,"",0,-1) -> 46012 | R54: =if("m"=K54,"X",if(or(countif(Cull!A:A,B:B)>0,"X"= XLOOKUP(M:M,A:A,R:R)),"X","")) -> #REF! | S54: bottle | AB54: overeating | AE54: 80 | AF54: f | AI54: =IF(K54=AF54,"","X")
A55: 54 | B55: 1025 | J55: 44145 | K55: f | L55: 20 | M55: 2 | N55: =xlookup(M55,A:A,B:B) -> 258 | O55: =countif(M:M,A55) -> 0 | P55: =COUNTIFS(N:N,B55,J:J,">1/1/2025") -> 0 | Q55: =today()-xlookup(A55,M:M,J:J,"",0,-1) -> 46012 | R55: =if(if("m"=K55,true,countif(Cull!A:A,B:B)>0),"X","") -> #REF! | S55: bottle | AB55: lamb died clostridium 10/17/2022 | AE55: 82 | AF55: f | AI55: =IF(K55=AF55,"","X") | AJ55: x
A56: 55 | B56: 1028 | J56: 44178 | K56: f | L56: 20 | M56: 4 | N56: =xlookup(M56,A:A,B:B) -> 000002 | O56: =countif(M:M,A56) -> 0 | P56: =COUNTIFS(N:N,B56,J:J,">1/1/2025") -> 0 | Q56: =today()-xlookup(A56,M:M,J:J,"",0,-1) -> 46012 | R56: =if(if("m"=K56,true,countif(Cull!A:A,B:B)>0),"X","") -> #REF! | AE56: 84 | AF56: f | AI56: =IF(K56=AF56,"","X") | AJ56: x
A57: 56 | B57: 1030 | H57: 44504 | J57: 44175 | K57: m | L57: 20 | M57: 27 | N57: =xlookup(M57,A:A,B:B) -> 52 | O57: =countif(M:M,A57) -> 0 | P57: =COUNTIFS(N:N,B57,J:J,">1/1/2025") -> 0 | Q57: =today()-xlookup(A57,M:M,J:J,"",0,-1) -> 46012 | R57: =if(if("m"=K57,true,countif(Cull!A:A,B:B)>0),"X","") -> X | S57: 12 lbs | AB57: 11/4/2021 overeating
A58: 57 | H58: 44503 | J58: 44175 | K58: f | L58: 20 | M58: 27 | N58: =xlookup(M58,A:A,B:B) -> 52 | O58: =countif(M:M,A58) -> 0 | P58: =COUNTIFS(N:N,B58,J:J,">1/1/2025") -> 0 | R58: {=if("m"=K58,"X",if(or(countif(Cull!A:A,B:B)>0,"X"= XLOOKUP(M:M,A:A,R:R)),"X",""))} -> #REF! | S58: 5.6 lbs | AB58: 1045 died 11/3/2021?
A59: 58 | B59: 1026 | J59: 44182 | K59: f | L59: 20 | M59: 3 | N59: =xlookup(M59,A:A,B:B) -> 255 | O59: =countif(M:M,A59) -> 0 | P59: =COUNTIFS(N:N,B59,J:J,">1/1/2025") -> 0 | Q59: =today()-xlookup(A59,M:M,J:J,"",0,-1) -> 46012 | R59: =if(if("m"=K59,true,countif(Cull!A:A,B:B)>0),"X","") -> #REF! | AE59: 78 | AF59: f | AI59: =IF(K59=AF59,"","X") | AJ59: x
A60: 59 | B60: 1027 | J60: 44182 | K60: f | L60: 20 | M60: 3 | N60: =xlookup(M60,A:A,B:B) -> 255 | O60: =countif(M:M,A60) -> 1 | P60: =COUNTIFS(N:N,B60,J:J,">1/1/2025") -> 0 | Q60: =today()-xlookup(A60,M:M,J:J,"",0,-1) -> 1423 | R60: =if(if("m"=K60,true,countif(Cull!A:A,B:B)>0),"X","") -> #REF! | AF60: ? | AI60: =IF(K60=AF60,"","X") -> X | AJ60: x
A61: 60 | B61: 1033 | H61: 44501 | J61: 44182 | K61: m | L61: 20 | M61: 28 | N61: =xlookup(M61,A:A,B:B) -> 32 | O61: =countif(M:M,A61) -> 0 | P61: =COUNTIFS(N:N,B61,J:J,">1/1/2025") -> 0 | Q61: =today()-xlookup(A61,M:M,J:J,"",0,-1) -> 46012 | R61: =if(if("m"=K61,true,countif(Cull!A:A,B:B)>0),"X","") -> X | AF61: Winners | AI61: =IF(K61=AF61,"","X") -> X
A62: 61 | B62: 1034 | H62: 44520 | I62: 161 | J62: 44182 | K62: m | L62: 20 | M62: 28 | N62: =xlookup(M62,A:A,B:B) -> 32 | O62: =countif(M:M,A62) -> 0 | P62: =COUNTIFS(N:N,B62,J:J,">1/1/2025") -> 0 | Q62: =today()-xlookup(A62,M:M,J:J,"",0,-1) -> 46012 | R62: {=if("m"=K62,"X",if(or(countif(Cull!A:A,B:B)>0,"X"= XLOOKUP(M:M,A:A,R:R)),"X",""))} -> X | AE62: 75 | AF62: m | AH62: Janes | AI62: =IF(K62=AF62,"","X")
A63: 62 | B63: 1031 | H63: 44501 | J63: 44194 | K63: m | L63: 20 | M63: 9 | N63: =xlookup(M63,A:A,B:B) -> 000017 | O63: =countif(M:M,A63) -> 0 | P63: =COUNTIFS(N:N,B63,J:J,">1/1/2025") -> 0 | Q63: =today()-xlookup(A63,M:M,J:J,"",0,-1) -> 46012 | R63: =if(if("m"=K63,true,countif(Cull!A:A,B:B)>0),"X","") -> X | AE63: 70 | AF63: Winners | AI63: =IF(K63=AF63,"","X") -> X
A64: 63 | B64: 1032 | H64: 44520 | I64: 161 | J64: 44194 | K64: m | L64: 20 | M64: 23 | N64: =xlookup(M64,A:A,B:B) -> 000014 | O64: =countif(M:M,A64) -> 0 | P64: =COUNTIFS(N:N,B64,J:J,">1/1/2025") -> 0 | Q64: =today()-xlookup(A64,M:M,J:J,"",0,-1) -> 46012 | R64: =if("m"=K64,"X",if(or(countif(Cull!A:A,B:B)>0,"X"= XLOOKUP(M:M,A:A,R:R)),"X","")) -> X | AE64: 75 | AF64: m | AG64: 75 | AH64: Janes | AI64: =IF(K64=AF64,"","X")
A65: 64 | B65: 1039 | H65: ??? | J65: 44194 | K65: f | L65: 20 | M65: 29 | N65: =xlookup(M65,A:A,B:B) -> 30 | O65: =countif(M:M,A65) -> 0 | P65: =COUNTIFS(N:N,B65,J:J,">1/1/2025") -> 0 | Q65: =today()-xlookup(A65,M:M,J:J,"",0,-1) -> 46012 | R65: =if("m"=K65,"X",if(or(countif(Cull!A:A,B:B)>0,"X"= XLOOKUP(M:M,A:A,R:R)),"X","")) -> #REF! | AE65: 70 | AF65: f | AH65: X | AI65: =IF(K65=AF65,"","X") | AJ65: x
A66: 65 | B66: 1040 | H66: 44520 | I66: 161 | J66: 44194 | K66: m | L66: 20 | M66: 29 | N66: =xlookup(M66,A:A,B:B) -> 30 | O66: =countif(M:M,A66) -> 0 | P66: =COUNTIFS(N:N,B66,J:J,">1/1/2025") -> 0 | Q66: =today()-xlookup(A66,M:M,J:J,"",0,-1) -> 46012 | R66: =if("m"=K66,"X",if(or(countif(Cull!A:A,B:B)>0,"X"= XLOOKUP(M:M,A:A,R:R)),"X","")) -> X | AE66: 79 | AF66: m | AG66: 70 | AH66: Janes | AI66: =IF(K66=AF66,"","X")
A67: 66 | B67: 1041 | H67: 44520 | I67: 130 | J67: 44200 | K67: m | L67: 20 | M67: 25 | N67: =xlookup(M67,A:A,B:B) -> 26 | O67: =countif(M:M,A67) -> 0 | P67: =COUNTIFS(N:N,B67,J:J,">1/1/2025") -> 0 | Q67: =today()-xlookup(A67,M:M,J:J,"",0,-1) -> 46012 | R67: =if("m"=K67,"X",if(or(countif(Cull!A:A,B:B)>0,"X"= XLOOKUP(M:M,A:A,R:R)),"X","")) -> X | S67: bottle | AB67: 7.2 lbs | AE67: lite | AF67: m | AH67: Janes | AI67: =IF(K67=AF67,"","X")
A68: 67 | B68: 1042 | J68: 44200 | K68: f | L68: 20 | M68: 25 | N68: =xlookup(M68,A:A,B:B) -> 26 | O68: =countif(M:M,A68) -> 3 | P68: =COUNTIFS(N:N,B68,J:J,">1/1/2025") -> 2 | Q68: =today()-xlookup(A68,M:M,J:J,"",0,-1) -> 340 | R68: =if(if("m"=K68,true,countif(Cull!A:A,B:B)>0),"X","") -> #REF! | S68: bottle | W68: x | Z68: x | AA68: v | AB68: 7.4 lbs | AE68: 70 | AF68: f | AH68: X | AI68: =IF(K68=AF68,"","X") | AJ68: x
A69: 68 | B69: 1044 | H69: 44520 | I69: 161 | J69: 44200 | K69: f | L69: 20 | M69: 25 | N69: =xlookup(M69,A:A,B:B) -> 26 | O69: =countif(M:M,A69) -> 0 | P69: =COUNTIFS(N:N,B69,J:J,">1/1/2025") -> 0 | Q69: =today()-xlookup(A69,M:M,J:J,"",0,-1) -> 46012 | R69: {=if("m"=K69,"X",if(or(countif(Cull!A:A,B:B)>0,"X"= XLOOKUP(M:M,A:A,R:R)),"X",""))} -> #REF! | S69: bottle | AB69: 8.2 lbs | AE69: 82 | AF69: m | AH69: Janes
A70: 69 | B70: 1036 | H70: 44501 | J70: 44200 | K70: m | L70: 20 | M70: 10 | N70: =xlookup(M70,A:A,B:B) -> 1006 | O70: =countif(M:M,A70) -> 0 | P70: =COUNTIFS(N:N,B70,J:J,">1/1/2025") -> 0 | Q70: =today()-xlookup(A70,M:M,J:J,"",0,-1) -> 46012 | R70: =if(if("m"=K70,true,countif(Cull!A:A,B:B)>0),"X","") -> X | S70: bottle | AF70: Winners | AI70: =IF(K70=AF70,"","X") -> X
A71: 70 | B71: 1043 | H71: ??? | J71: 44200 | K71: f | L71: 20 | M71: 10 | N71: =xlookup(M71,A:A,B:B) -> 1006 | O71: =countif(M:M,A71) -> 0 | P71: =COUNTIFS(N:N,B71,J:J,">1/1/2025") -> 0 | Q71: =today()-xlookup(A71,M:M,J:J,"",0,-1) -> 46012 | R71: =if("m"=K71,"X",if(or(countif(Cull!A:A,B:B)>0,"X"= XLOOKUP(M:M,A:A,R:R)),"X","")) -> #REF! | AB71: tag found in pasture | AE71: 62 | AF71: f | AH71: X | AI71: =IF(K71=AF71,"","X") | AJ71: x
A72: 71 | B72: 1038 | H72: 44520 | I72: 161 | J72: 44204 | K72: m | L72: 20 | M72: 12 | N72: =xlookup(M72,A:A,B:B) -> 000018 | O72: =countif(M:M,A72) -> 0 | P72: =COUNTIFS(N:N,B72,J:J,">1/1/2025") -> 0 | Q72: =today()-xlookup(A72,M:M,J:J,"",0,-1) -> 46012 | R72: =if("m"=K72,"X",if(or(countif(Cull!A:A,B:B)>0,"X"= XLOOKUP(M:M,A:A,R:R)),"X","")) -> X | S72: black | AE72: 70 | AF72: m | AG72: 70 | AH72: Janes | AI72: =IF(K72=AF72,"","X")
A73: 72 | B73: 1037 | H73: 44501 | J73: 44204 | K73: m | L73: 20 | M73: 15 | N73: =xlookup(M73,A:A,B:B) -> 000015 | O73: =countif(M:M,A73) -> 0 | P73: =COUNTIFS(N:N,B73,J:J,">1/1/2025") -> 0 | Q73: =today()-xlookup(A73,M:M,J:J,"",0,-1) -> 46012 | R73: =if(if("m"=K73,true,countif(Cull!A:A,B:B)>0),"X","") -> X | AE73: 85 | AF73: Winners | AI73: =IF(K73=AF73,"","X") -> X
A74: 73 | B74: 1052 | H74: 44520 | I74: 161 | J74: 44281 | K74: m | L74: 20 | M74: 33 | N74: =xlookup(M74,A:A,B:B) -> 1118 | O74: =countif(M:M,A74) -> 0 | P74: =COUNTIFS(N:N,B74,J:J,">1/1/2025") -> 0 | Q74: =today()-xlookup(A74,M:M,J:J,"",0,-1) -> 46012 | R74: {=if("m"=K74,"X",if(or(countif(Cull!A:A,B:B)>0,"X"= XLOOKUP(M:M,A:A,R:R)),"X",""))} -> X | S74: white | AE74: 62 | AF74: m | AH74: Janes | AI74: =IF(K74=AF74,"","X")
A75: 74 | B75: 1046 | H75: 44542 | J75: 44282 | K75: m | L75: 20 | M75: 19 | N75: =xlookup(M75,A:A,B:B) -> 000008 | O75: =countif(M:M,A75) -> 0 | P75: =COUNTIFS(N:N,B75,J:J,">1/1/2025") -> 0 | Q75: =today()-xlookup(A75,M:M,J:J,"",0,-1) -> 46012 | R75: =if(if("m"=K75,true,countif(Cull!A:A,B:B)>0),"X","") -> X | S75: white | AB75: ?C&D | AE75: 55 | AF75: f | AI75: =IF(K75=AF75,"","X") -> X
A76: 75 | B76: 1047 | H76: ??? | J76: 44282 | K76: f | L76: 20 | M76: 19 | N76: =xlookup(M76,A:A,B:B) -> 000008 | O76: =countif(M:M,A76) -> 0 | P76: =COUNTIFS(N:N,B76,J:J,">1/1/2025") -> 0 | Q76: =today()-xlookup(A76,M:M,J:J,"",0,-1) -> 46012 | R76: =if("m"=K76,"X",if(or(countif(Cull!A:A,B:B)>0,"X"= XLOOKUP(M:M,A:A,R:R)),"X","")) -> #REF! | S76: dk brown | AE76: 57 | AF76: f | AH76: X | AI76: =IF(K76=AF76,"","X") | AJ76: x
A77: 76 | B77: 1048 | H77: 44520 | I77: 161 | J77: 44282 | K77: m | L77: 20 | M77: 13 | N77: =xlookup(M77,A:A,B:B) | O77: =countif(M:M,A77) -> 0 | P77: =COUNTIFS(N:N,B77,J:J,">1/1/2025") -> 0 | Q77: =today()-xlookup(A77,M:M,J:J,"",0,-1) -> 46012 | R77: =if("m"=K77,"X",if(or(countif(Cull!A:A,B:B)>0,"X"= XLOOKUP(M:M,A:A,R:R)),"X","")) -> X | AE77: 55 | AF77: m | AG77: 58 | AH77: Janes | AI77: =IF(K77=AF77,"","X")
A78: 77 | B78: 1050 | H78: 44608 | J78: 44282 | K78: f | L78: 20 | M78: 43 | N78: =xlookup(M78,A:A,B:B) -> 1015 | O78: =countif(M:M,A78) -> 0 | P78: =COUNTIFS(N:N,B78,J:J,">1/1/2025") -> 0 | Q78: =today()-xlookup(A78,M:M,J:J,"",0,-1) -> 46012 | R78: =if("m"=K78,"X",if(or(countif(Cull!A:A,B:B)>0,"X"= XLOOKUP(M:M,A:A,R:R)),"X","")) -> #REF! | S78: scours | AB78: hung in hay feeder | AE78: 63 | AF78: f | AI78: =IF(K78=AF78,"","X") | AJ78: x
A79: 78 | B79: 1051 | H79: ??? | J79: 44282 | K79: f | L79: 20 | M79: {=XLOOKUP(N79,B:B,A:A)} -> 39 | N79: 1049 | O79: =countif(M:M,A79) -> 0 | P79: =COUNTIFS(N:N,B79,J:J,">1/1/2025") -> 0 | Q79: =today()-xlookup(A79,M:M,J:J,"",0,-1) -> 46012 | R79: =if("m"=K79,"X",if(or(countif(Cull!A:A,B:B)>0,"X"= XLOOKUP(M:M,A:A,R:R)),"X","")) -> #REF! | S79: heavy lt brown | Z79: x | AA79: c | AB79: dame no tag 1049 | AE79: 70 | AF79: f | AH79: X | AI79: =IF(K79=AF79,"","X") | AJ79: x
A80: 79 | B80: 1053 | H80: 44520 | I80: 161 | J80: 44284 | K80: m | L80: 20 | M80: 22 | N80: =xlookup(M80,A:A,B:B) -> 000010 | O80: =countif(M:M,A80) -> 0 | P80: =COUNTIFS(N:N,B80,J:J,">1/1/2025") -> 0 | Q80: =today()-xlookup(A80,M:M,J:J,"",0,-1) -> 46012 | R80: =if("m"=K80,"X",if(or(countif(Cull!A:A,B:B)>0,"X"= XLOOKUP(M:M,A:A,R:R)),"X","")) -> X | S80: dk brown, big balls | AE80: 60 | AF80: m | AG80: 62 | AH80: Janes | AI80: =IF(K80=AF80,"","X")
A81: 80 | B81: 1055 | H81: 44520 | I81: 130 | J81: 44292 | K81: m | L81: 20 | M81: 45 | N81: =xlookup(M81,A:A,B:B) -> 1017 | O81: =countif(M:M,A81) -> 0 | P81: =COUNTIFS(N:N,B81,J:J,">1/1/2025") -> 0 | Q81: =today()-xlookup(A81,M:M,J:J,"",0,-1) -> 46012 | R81: =if("m"=K81,"X",if(or(countif(Cull!A:A,B:B)>0,"X"= XLOOKUP(M:M,A:A,R:R)),"X","")) -> X | AE81: 45 | AF81: m | AG81: scrawny-ass tiny | AH81: Janes | AI81: =IF(K81=AF81,"","X")
A82: 81 | B82: 1056 | H82: 44510 | J82: 44292 | K82: m | L82: 20 | M82: 45 | N82: =xlookup(M82,A:A,B:B) -> 1017 | O82: =countif(M:M,A82) -> 0 | P82: =COUNTIFS(N:N,B82,J:J,">1/1/2025") -> 0 | Q82: =today()-xlookup(A82,M:M,J:J,"",0,-1) -> 46012 | R82: =if(if("m"=K82,true,countif(Cull!A:A,B:B)>0),"X","") -> X | S82: overeating
A83: 82 | B83: 1054 | H83: 44524 | J83: 44287 | K83: f | L83: 20 | M83: 15 | N83: =xlookup(M83,A:A,B:B) -> 000015 | O83: =countif(M:M,A83) -> 0 | P83: =COUNTIFS(N:N,B83,J:J,">1/1/2025") -> 0 | Q83: =today()-xlookup(A83,M:M,J:J,"",0,-1) -> 46012 | R83: =if("m"=K83,"X",if(or(countif(Cull!A:A,B:B)>0,"X"= XLOOKUP(M:M,A:A,R:R)),"X","")) -> #REF! | S83: never thrived. found dead in field, probaably overeating. | AB83: black leg and mask | AE83: 35 | AF83: f | AH83: X | AI83: =IF(K83=AF83,"","X")
A84: 83 | B84: 1057 | H84: 44567 | J84: 44288 | K84: f | L84: 20 | M84: 34 | N84: =xlookup(M84,A:A,B:B) -> 1376 | O84: =countif(M:M,A84) -> 0 | P84: =COUNTIFS(N:N,B84,J:J,">1/1/2025") -> 0 | Q84: =today()-xlookup(A84,M:M,J:J,"",0,-1) -> 46012 | R84: =if("m"=K84,"X",if(or(countif(Cull!A:A,B:B)>0,"X"= XLOOKUP(M:M,A:A,R:R)),"X","")) -> #REF! | AB84: Not thriving 10/2021 | AE84: 52 | AF84: f | AH84: X | AI84: =IF(K84=AF84,"","X") | AJ84: x
A85: 84 | B85: 1103 | C85: purple hay ewe | H85: 44582 | J85: 44492 | K85: m | L85: 20 | M85: 27 | N85: =xlookup(M85,A:A,B:B) -> 52 | O85: =countif(M:M,A85) -> 0 | P85: =COUNTIFS(N:N,B85,J:J,">1/1/2025") -> 0 | Q85: =today()-xlookup(A85,M:M,J:J,"",0,-1) -> 46012 | R85: =if(if("m"=K85,true,countif(Cull!A:A,B:B)>0),"X","") -> X | S85: small white | AB85: face eaten!? | AJ85: x
A86: 85 | B86: 1109 | C86: purple hay ewe | H86: 44610 | J86: 44492 | K86: m | L86: 20 | M86: 27 | N86: =xlookup(M86,A:A,B:B) -> 52 | O86: =countif(M:M,A86) -> 0 | P86: =COUNTIFS(N:N,B86,J:J,">1/1/2025") -> 0 | Q86: =today()-xlookup(A86,M:M,J:J,"",0,-1) -> 46012 | R86: =if(if("m"=K86,true,countif(Cull!A:A,B:B)>0),"X","") -> X | S86: small black | AB86: vaccinated, bu tlooks like overeating | AJ86: x
A87: 86 | B87: 1101 | C87: purple hay ewe | J87: 44493 | K87: f | L87: 20 | M87: 26 | N87: =xlookup(M87,A:A,B:B) -> 27 | O87: =countif(M:M,A87) -> 0 | P87: =COUNTIFS(N:N,B87,J:J,">1/1/2025") -> 0 | Q87: =today()-xlookup(A87,M:M,J:J,"",0,-1) -> 46012 | R87: =if(if("m"=K87,true,countif(Cull!A:A,B:B)>0),"X","") -> #REF! | S87: brown | Z87: ? | AJ87: x
A88: 87 | H88: 44493 | J88: 44493 | K88: ? | L88: 20 | M88: 26 | N88: =xlookup(M88,A:A,B:B) -> 27 | O88: =countif(M:M,A88) -> 0 | P88: =COUNTIFS(N:N,B88,J:J,">1/1/2025") -> 0 | R88: =if("m"=K88,"X",if(or(countif(Cull!A:A,B:B)>0,"X"= XLOOKUP(M:M,A:A,R:R)),"X","")) -> #REF! | S88: DOA
A89: 88 | B89: 1102 | C89: purple hay ewe | H89: 45576 | J89: 44508 | K89: f | L89: 20 | M89: 28 | N89: =xlookup(M89,A:A,B:B) -> 32 | O89: =countif(M:M,A89) -> 2 | P89: =COUNTIFS(N:N,B89,J:J,">1/1/2025") -> 0 | Q89: =today()-xlookup(A89,M:M,J:J,"",0,-1) -> 693 | R89: =if("m"=K89,"X",if(or(countif(Cull!A:A,B:B)>0,"X"= XLOOKUP(M:M,A:A,R:R)),"X","")) -> #REF! | S89: white | Z89: x | AA89: v | AB89: crushed by bale of hay | AJ89: x
A90: 89 | B90: 1108 | C90: purple hay ewe | H90: 45450 | J90: 44508 | K90: f | L90: 20 | M90: 28 | N90: =xlookup(M90,A:A,B:B) -> 32 | O90: =countif(M:M,A90) -> 0 | P90: =COUNTIFS(N:N,B90,J:J,">1/1/2025") -> 0 | Q90: =today()-xlookup(A90,M:M,J:J,"",0,-1) -> 46012 | R90: =if("m"=K90,"X",if(or(countif(Cull!A:A,B:B)>0,"X"= XLOOKUP(M:M,A:A,R:R)),"X","")) -> #REF! | S90: white | AA90: c | AJ90: x
A91: 90 | B91: 1100 | C91: purple hay ewe | J91: 44514 | K91: f | L91: 20 | M91: 12 | N91: =xlookup(M91,A:A,B:B) -> 000018 | O91: =countif(M:M,A91) -> 3 | P91: =COUNTIFS(N:N,B91,J:J,">1/1/2025") -> 2 | Q91: =today()-xlookup(A91,M:M,J:J,"",0,-1) -> 302 | R91: =if(if("m"=K91,true,countif(Cull!A:A,B:B)>0),"X","") -> #REF! | S91: brown | W91: x | Z91: x | AA91: v | AJ91: x
A92: 91 | B92: 1110 | C92: purple hay ewe | J92: 44515 | K92: f | L92: 20 | M92: 10 | N92: =xlookup(M92,A:A,B:B) -> 1006 | O92: =countif(M:M,A92) -> 3 | P92: =COUNTIFS(N:N,B92,J:J,">1/1/2025") -> 1 | Q92: =today()-xlookup(A92,M:M,J:J,"",0,-1) -> 340 | R92: =if(if("m"=K92,true,countif(Cull!A:A,B:B)>0),"X","") -> #REF! | S92: black nose/white body | Y92: x | Z92: x | AA92: v | AJ92: x
A93: 92 | B93: 1111 | C93: purple hay ewe | J93: 44515 | K93: f | L93: 20 | M93: 25 | N93: =xlookup(M93,A:A,B:B) -> 26 | O93: =countif(M:M,A93) -> 3 | P93: =COUNTIFS(N:N,B93,J:J,">1/1/2025") -> 2 | Q93: =today()-xlookup(A93,M:M,J:J,"",0,-1) -> 337 | R93: =if(if("m"=K93,true,countif(Cull!A:A,B:B)>0),"X","") -> #REF! | S93: white curly | T93: x | W93: x | Z93: x | AJ93: x
A94: 93 | B94: 1259 | F94: 44521 | H94: 45450 | K94: m | N94: =xlookup(M94,A:A,B:B) -> #N/A | O94: =countif(M:M,A94) -> 0 | P94: =COUNTIFS(N:N,B94,J:J,">1/1/2025") -> 0 | Q94: =today()-xlookup(A94,M:M,J:J,"",0,-1) -> 46012 | R94: {=if("m"=K94,"X",if(or(countif(Cull!A:A,B:B)>0,"X"= XLOOKUP(M:M,A:A,R:R)),"X",""))} -> X | S94: trade from Joe Baldwin | AA94: c
A95: 94 | B95: 1113 | J95: 44529 | K95: f | L95: 20 | M95: 23 | N95: =xlookup(M95,A:A,B:B) -> 000014 | O95: =countif(M:M,A95) -> 3 | P95: =COUNTIFS(N:N,B95,J:J,">1/1/2025") -> 1 | Q95: =today()-xlookup(A95,M:M,J:J,"",0,-1) -> 325 | R95: =if(if("m"=K95,true,countif(Cull!A:A,B:B)>0),"X","") -> #REF! | S95: white | T95: x | W95: x | Z95: x | AA95: v | AJ95: x
A96: 95 | B96: 1112 | C96: 4h | H96: 44870 | J96: 44529 | K96: m | L96: 20 | M96: 23 | N96: =xlookup(M96,A:A,B:B) -> 000014 | P96: =COUNTIFS(N:N,B96,J:J,">1/1/2025") -> 0 | Q96: =today()-xlookup(A96,M:M,J:J,"",0,-1) -> 46012 | R96: =if(if("m"=K96,true,countif(Cull!A:A,B:B)>0),"X","") -> X | S96: cinimon | AJ96: x
A97: 96 | B97: 1104 | J97: 44529 | K97: f | L97: 20 | M97: 3 | N97: =xlookup(M97,A:A,B:B) -> 255 | O97: =countif(M:M,A97) -> 0 | P97: =COUNTIFS(N:N,B97,J:J,">1/1/2025") -> 0 | Q97: =today()-xlookup(A97,M:M,J:J,"",0,-1) -> 46012 | R97: =if(if("m"=K97,true,countif(Cull!A:A,B:B)>0),"X","") -> #REF! | S97: white | AJ97: x
A98: 97 | B98: 1105 | C98: 4h | H98: 44727 | J98: 44529 | K98: m | L98: 20 | M98: 3 | N98: =xlookup(M98,A:A,B:B) -> 255 | P98: =COUNTIFS(N:N,B98,J:J,">1/1/2025") -> 0 | Q98: =today()-xlookup(A98,M:M,J:J,"",0,-1) -> 46012 | R98: =if(if("m"=K98,true,countif(Cull!A:A,B:B)>0),"X","") -> X | S98: white big | AB98: bloat | AJ98: x
A99: 98 | B99: 1106 | H99: 45450 | J99: 44530 | K99: f | L99: 20 | M99: 29 | N99: =xlookup(M99,A:A,B:B) -> 30 | O99: =countif(M:M,A99) -> 0 | P99: =COUNTIFS(N:N,B99,J:J,">1/1/2025") -> 0 | Q99: =today()-xlookup(A99,M:M,J:J,"",0,-1) -> 46012 | R99: {=if("m"=K99,"X",if(or(countif(Cull!A:A,B:B)>0,"X"= XLOOKUP(M:M,A:A,R:R)),"X",""))} -> #REF! | AA99: c | AB99: 1/22/2024 aborted lamb (not well formed. Hemlock?) | AJ99: x
A100: 99 | B100: 1107 | H100: 45826 | J100: 44530 | K100: f | L100: 20 | M100: 29 | N100: =xlookup(M100,A:A,B:B) -> 30 | O100: =countif(M:M,A100) -> 3 | P100: =COUNTIFS(N:N,B100,J:J,">1/1/2025") -> 2 | Q100: =today()-xlookup(A100,M:M,J:J,"",0,-1) -> 266 | R100: =if(if("m"=K100,true,countif(Cull!A:A,B:B)>0),"X","") -> #REF! | Y100: x | Z100: x | AA100: v | AJ100: x
...
